[

    {"rmk":"anx to binance",
     "transfer_requested":"2017-12-05T14:28:00+08:00",
     "transfer_leftsrc":"2017-12-05T14:43:37+08:00",
     "transfer_arrived":"2017-12-05T14:58:09+08:00",

     "fee_withdraw":"0.004",
     "fee_withdraw_ccy":"BTC",
     "fee_transport":"0",
     "fee_transport_ccy":"BTC",
     "fee_deposit":"0",
     "fee_deposit_ccy":"BTC",

     "source":"anxpro:sensus",
     "destination":"binance:sai",
     "amount":"2.38812462",
     "ccy":"BTC"
    },    
    
    {"rmk":"sai cold to anx",
     "transfer_requested":"",
     "transfer_leftsrc":"",
     "transfer_arrived":"2017-12-22T10:18:18+08:00",

     "fee_withdraw":"0",
     "fee_withdraw_ccy":"BTC",
     "fee_transport":"0",
     "fee_transport_ccy":"BTC",
     "fee_deposit":"0",
     "fee_deposit_ccy":"BTC",

     "source":"binance:sai",
     "destination":"anxpro:sensus",
     "amount":"1.36612989",
     "ccy":"BTC"
    },
    

    {"rmk":"binance to anx",
     "transfer_requested":"2017-12-22T18:00:00+08:00",
     "transfer_leftsrc":"2017-12-22T18:10:20+08:00",
     "transfer_arrived":"2017-12-22T20:11:42+08:00",

     "fee_withdraw":"0.001",
     "fee_withdraw_ccy":"BTC",
     "fee_transport":"0",
     "fee_transport_ccy":"BTC",
     "fee_deposit":"0",
     "fee_deposit_ccy":"BTC",

     "source":"binance:sai",
     "destination":"anxpro:sensus",
     "amount":"0.98371999",
     "ccy":"BTC"
    },
    
    {"rmk":"binance to anx",
     "transfer_requested":"2017-12-23T12:20:00+08:00",
     "transfer_leftsrc":"2017-12-23T12:30:15+08:00",
     "transfer_arrived":"2017-12-23T12:50:12+08:00",

     "fee_withdraw":"0",
     "fee_withdraw_ccy":"ETH",
     "fee_transport":"0.001365",
     "fee_transport_ccy":"ETH",
     "fee_deposit":"0",
     "fee_deposit_ccy":"ETH",

     "source":"binance:sai",
     "destination":"anxpro:sensus",
     "amount":"19.262365",
     "ccy":"ETH"
    },

    
    {"rmk":"sai bittrex to anx",
     "transfer_requested":"",
     "transfer_leftsrc":"",
     "transfer_arrived":"2017-12-28T19:02:21+08:00",

     "fee_withdraw":"0.003",
     "fee_withdraw_ccy":"ETH",
     "fee_transport":"0",
     "fee_transport_ccy":"ETH",
     "fee_deposit":"0",
     "fee_deposit_ccy":"ETH",

     "source":"bittrex:sai",
     "destination":"anxpro:sensus",
     "amount":"11.137",
     "ccy":"ETH"
    },

    {"rmk":"sai bittrex to bittrex",
     "transfer_requested":"",
     "transfer_leftsrc":"",
     "transfer_arrived":"2017-12-28T21:03:30+08:00",

     "fee_withdraw":"0.002",
     "fee_withdraw_ccy":"ETH",
     "fee_transport":"0",
     "fee_transport_ccy":"ETH",
     "fee_deposit":"0",
     "fee_deposit_ccy":"ETH",

     "source":"bittrex:sai",
     "destination":"bittrex:sensus",
     "amount":"9.997",
     "ccy":"ETH"
    },
    
    
    {"rmk":"0x69abc0802da1a7ba8a78b4999cc5ed5ae1665c769c4050c5e128a2397b19dd5b",
     "transfer_requested":"2017-12-30T10:00:00+08:00",
     "transfer_leftsrc":"2017-12-30T10:03:52+08:00",
     "transfer_arrived":"2017-12-30T10:12:46+08:00",

     "fee_withdraw":"0.001155",
     "fee_withdraw_ccy":"ETH",
     "fee_transport":"0",
     "fee_transport_ccy":"ETH",
     "fee_deposit":"0",
     "fee_deposit_ccy":"ETH",

     "source":"binance:sai",
     "destination":"binance:sensus",
     "amount":"10.892155",
     "ccy":"ETH"
    },

    {"rmk":"0x45699524b30d4857d922303fd4183bc37f1fb8eed20efa0ce8cdec2b621b65cc",
     "transfer_requested":"2017-12-30T13:20:00+08:00",
     "transfer_leftsrc":"2017-12-30T13:27:23+08:00",
     "transfer_arrived":"2017-12-30T13:40:00+08:00",

     "fee_withdraw":"0.001157805",
     "fee_withdraw_ccy":"ETH",
     "fee_transport":"0",
     "fee_transport_ccy":"ETH",
     "fee_deposit":"0",
     "fee_deposit_ccy":"ETH",

     "source":"binance:sensus",
     "destination":"binance:sai",
     "amount":"0.902157805",
     "ccy":"ETH"
    },
    
    {"rmk":"bittrex to anx",
     "transfer_requested":"",
     "transfer_leftsrc":"",
     "transfer_arrived":"2018-01-05T21:03:30+08:00",

     "fee_withdraw":"0",
     "fee_withdraw_ccy":"ETH",
     "fee_transport":"0",
     "fee_transport_ccy":"ETH",
     "fee_deposit":"0",
     "fee_deposit_ccy":"ETH",

     "source":"bittrex:sensus",
     "destination":"anxpro:sensus",
     "amount":"9.995",
     "ccy":"ETH"
    },


    {"rmk":"Octagon refill",
     "transfer_requested":"2018-01-05T18:00:00+08:00",
     "transfer_leftsrc":"2018-01-05T18:05:00+08:00",
     "transfer_arrived":"2018-01-05T19:00:00+08:00",

     "fee_withdraw":"0",
     "fee_withdraw_ccy":"HKD",
     "fee_transport":"0",
     "fee_transport_ccy":"HKD",
     "fee_deposit":"0",
     "fee_deposit_ccy":"HKD",

     "source":"anxpro:sensus",
     "destination":"octagon:sensus",
     "amount":"800000",
     "ccy":"HKD"

    },

    {"rmk":"Coins back to anx",
     "transfer_requested":"2018-01-05T21:54:00+08:00",
     "transfer_leftsrc":"2018-01-05T21:54:00+08:00",
     "transfer_arrived":"2018-01-06T10:24:26+08:00",

     "fee_withdraw":"0.005",
     "fee_withdraw_ccy":"ETH",
     "fee_transport":"0",
     "fee_transport_ccy":"ETH",
     "fee_deposit":"0",
     "fee_deposit_ccy":"ETH",

     "source":"octagon:sensus",
     "destination":"anxpro:sensus",
     "amount":"102.16672378",
     "ccy":"ETH"
    },
    
    {"rmk":"Octagon refill",
     "transfer_requested":"2018-01-08T09:50:00+08:00",
     "transfer_leftsrc":"2018-01-08T10:28:00+08:00",
     "transfer_arrived":"2018-01-08T11:00:00+08:00",

     "fee_withdraw":"0",
     "fee_withdraw_ccy":"HKD",
     "fee_transport":"0",
     "fee_transport_ccy":"HKD",
     "fee_deposit":"19000",
     "fee_deposit_ccy":"HKD",

     "source":"anxpro:sensus",
     "destination":"octagon:sensus",
     "amount":"950000",
     "ccy":"HKD"
    },

    {"rmk":"Coins back to anx",
     "transfer_requested":"2018-01-08T21:42:00+08:00",
     "transfer_leftsrc":"",
     "transfer_arrived":"2018-01-09T11:31:00+08:00",

     "fee_withdraw":"0.004",
     "fee_withdraw_ccy":"BTC",
     "fee_transport":"0",
     "fee_transport_ccy":"BTC",
     "fee_deposit":"0",
     "fee_deposit_ccy":"BTC",

     "source":"octagon:sensus",
     "destination":"anxpro:sensus",
     "amount":"7.39008676",
     "ccy":"BTC"
    },

    {"rmk":"0x46330c718c9803d9208c3fc63f80c635188278d8cfe6adfa99766d28b020cca7",
     "transfer_requested":"2018-01-09T10:57:00+08:00",
     "transfer_leftsrc":"",
     "transfer_arrived":"2018-01-09T11:35:00+08:00",

     "fee_withdraw":"0.01",
     "fee_withdraw_ccy":"ETH",
     "fee_transport":"0",
     "fee_transport_ccy":"ETH",
     "fee_deposit":"0",
     "fee_deposit_ccy":"ETH",

     "source":"binance:sensus",
     "destination":"anxpro:sensus",
     "amount":"8.145533",
     "ccy":"ETH"
    },

    {"rmk":"Octagon refill",
     "transfer_requested":"2018-01-15T14:30:00+08:00",
     "transfer_leftsrc":"2018-01-15T14:30:00+08:00",
     "transfer_arrived":"2018-01-15T15:00:00+08:00",

     "fee_withdraw":"0",
     "fee_withdraw_ccy":"HKD",
     "fee_transport":"0",
     "fee_transport_ccy":"HKD",
     "fee_deposit":"20000",
     "fee_deposit_ccy":"HKD",

     "source":"anxpro:sensus",
     "destination":"octagon:sensus",
     "amount":"1000000",
     "ccy":"HKD"
    },

    {"rmk":"Coins back to anx",
     "transfer_requested":"2018-01-15T20:29:00+08:00",
     "transfer_leftsrc":"2018-01-15T20:38:00+08:00",
     "transfer_arrived":"2018-01-15T21:41:00+08:00",

     "fee_withdraw":"0.004",
     "fee_withdraw_ccy":"BTC",
     "fee_transport":"0",
     "fee_transport_ccy":"BTC",
     "fee_deposit":"0",
     "fee_deposit_ccy":"BTC",

     "source":"octagon:sensus",
     "destination":"anxpro:sensus",
     "amount":"9.11331194",
     "ccy":"BTC"
    },

    {"rmk":"refill anx eth",
     "transfer_requested":"2018-01-16T10:53:00+08:00",
     "transfer_leftsrc":"2018-01-16T10:55:00+08:00",
     "transfer_arrived":"2018-01-16T11:20:00+08:00",

     "fee_withdraw":"0.004",
     "fee_withdraw_ccy":"BTC",
     "fee_transport":"0",
     "fee_transport_ccy":"BTC",
     "fee_deposit":"0",
     "fee_deposit_ccy":"BTC",

     "source":"anxpro:sensus",
     "destination":"binance:sensus",
     "amount":"2.004",
     "ccy":"BTC"
    },

    {"rmk":"refill binance btc",
     "transfer_requested":"2018-01-16T22:58:00+08:00",
     "transfer_leftsrc":"2018-01-16T22:59:00+08:00",
     "transfer_arrived":"2018-01-16T23:17:00+08:00",

     "fee_withdraw":"0.004",
     "fee_withdraw_ccy":"BTC",
     "fee_transport":"0",
     "fee_transport_ccy":"BTC",
     "fee_deposit":"0",
     "fee_deposit_ccy":"BTC",

     "source":"anxpro:sensus",
     "destination":"binance:sensus",
     "amount":"2.004",
     "ccy":"BTC"
    },

    {"rmk":"0x94a21965f3a4d9109b8a655db7ddf3449b86b42b3c6ddb0bfe768e0a2afc3673",
     "transfer_requested":"2018-01-16T12:14:00+08:00",
     "transfer_leftsrc":"",
     "transfer_arrived":"2018-01-16T12:22:58+08:00",

     "fee_withdraw":"0.01",
     "fee_withdraw_ccy":"ETH",
     "fee_transport":"0",
     "fee_transport_ccy":"ETH",
     "fee_deposit":"0",
     "fee_deposit_ccy":"ETH",

     "source":"binance:sensus",
     "destination":"anxpro:sensus",
     "amount":"21",
     "ccy":"ETH"
    },

    {"rmk":"0xd9f5f07bd71e375ff50ce98a157f70676c16a07a004902b7adf1bf2ff296dcc7",
     "transfer_requested":"2018-01-017T12:00:00+08:00",
     "transfer_leftsrc":"",
     "transfer_arrived":"2018-01-17T12:36:00+08:00",

     "fee_withdraw":"0.01",
     "fee_withdraw_ccy":"ETH",
     "fee_transport":"0",
     "fee_transport_ccy":"ETH",
     "fee_deposit":"0",
     "fee_deposit_ccy":"ETH",

     "source":"binance:sensus",
     "destination":"anxpro:sensus",
     "amount":"21.64910600",
     "ccy":"ETH"
    },

    {"rmk":"refill binance btc for testing",
     "transfer_requested":"2018-01-18T15:49:00+08:00",
     "transfer_leftsrc":"2018-01-18T15:53:00+08:00",
     "transfer_arrived":"2018-01-18T16:09:00+08:00",

     "fee_withdraw":"0.004",
     "fee_withdraw_ccy":"BTC",
     "fee_transport":"0",
     "fee_transport_ccy":"BTC",
     "fee_deposit":"0",
     "fee_deposit_ccy":"BTC",

     "source":"anxpro:sensus",
     "destination":"binance:sensus",
     "amount":"1.004",
     "ccy":"BTC"
    },
    
    {"rmk":"reload BTC to binance for ETH buy",
     "transfer_requested":"2018-01-21T12:50:00+08:00",
     "transfer_leftsrc":"2018-01-21T13:00:00+08:00",
     "transfer_arrived":"2018-01-21T13:09:00+08:00",

     "fee_withdraw":"0.004",
     "fee_withdraw_ccy":"BTC",
     "fee_transport":"0",
     "fee_transport_ccy":"BTC",
     "fee_deposit":"0",
     "fee_deposit_ccy":"BTC",

     "source":"anxpro:sensus",
     "destination":"binance:sensus",
     "amount":"2.004",
     "ccy":"BTC"
    },

    {"rmk":"0x743ea168c2de14f20856627db9da8221e1ccd1f95336b89819c694c9c4423f41",
     "transfer_requested":"2018-01-022T10:45:00+08:00",
     "transfer_leftsrc":"",
     "transfer_arrived":"2018-01-22T12:36:00+08:00",

     "fee_withdraw":"0.01",
     "fee_withdraw_ccy":"ETH",
     "fee_transport":"0",
     "fee_transport_ccy":"ETH",
     "fee_deposit":"0",
     "fee_deposit_ccy":"ETH",

     "source":"binance:sensus",
     "destination":"anxpro:sensus",
     "amount":"21",
     "ccy":"ETH"
    },

    {"rmk":"reload BTC to binance for ETH buy 2",
     "transfer_requested":"2018-01-21T12:50:00+08:00",
     "transfer_leftsrc":"2018-01-21T13:00:00+08:00",
     "transfer_arrived":"2018-01-21T13:09:00+08:00",

     "fee_withdraw":"0.004",
     "fee_withdraw_ccy":"BTC",
     "fee_transport":"0",
     "fee_transport_ccy":"BTC",
     "fee_deposit":"0",
     "fee_deposit_ccy":"BTC",

     "source":"anxpro:sensus",
     "destination":"binance:sensus",
     "amount":"2.004",
     "ccy":"BTC"
    },

    {"rmk":"BTC to KuCoin for initial deposit",
     "transfer_requested":"2018-01-22T18:29:00+08:00",
     "transfer_leftsrc":"2018-01-22T18:30:00+08:00",
     "transfer_arrived":"2018-01-22T18:40:17+08:00",

     "fee_withdraw":"0.004",
     "fee_withdraw_ccy":"BTC",
     "fee_transport":"0",
     "fee_transport_ccy":"BTC",
     "fee_deposit":"0",
     "fee_deposit_ccy":"BTC",

     "source":"anxpro:sensus",
     "destination":"kucoin:sensus",
     "amount":"0.504",
     "ccy":"BTC"
    }


    
]

