[
    {"datetime":"2017-11-15T20:00:00+08:00",
     "description":"Open balance",
     "entries":[["assets/cash","anxpro:sensus","","2","BTC"],
		["liabilities/loan","shareholder:jeff","","-2","BTC"],
		["assets/cash","anxpro:sensus","","42.267","ETH"],
		["fxconv","","","-42.267","ETH"],
		["fxconv","","","2","BTC"],
		["liabilities/loan","shareholder:eric","","-2","BTC"],
		["assets/cash","binance:sai","","21.134","ETH"],
		["fxconv","","","-42.268","ETH"],
		["fxconv","","","2","BTC"],
		["assets/cash","bittrex:sai","","21.134","ETH"],
		["liabilities/loan","shareholder:sai","","-2","BTC"],
		["assets/cash","bitmex:sensus","","2","BTC"],
		["liabilities/loan","shareholder:mm","","-2","BTC"]]
    },

    {"datetime":"2017-12-24T13:01:05+08:00",
     "description":"",
     "entries":[["liabilities/loan","shareholder:fiatconv","","-5.50943626","BTC"],
		["assets/cash","anxpro:sensus","","5.50943626","BTC"],
		["liabilities/loan","shareholder:fiatconv","","5.50943626","BTC"],
		["fxconv","","","-5.50943626","BTC"],
		["fxconv","","","519294.75","HKD"],
		["fxconv","","","14493","USD"],
		["liabilities/loan","shareholder:jeff","","-259647.375","HKD"],
		["liabilities/loan","shareholder:sai","","-259647.375","HKD"],
		["liabilities/loan","shareholder:jeff","","-7246.5","USD"],
		["liabilities/loan","shareholder:sai","","-7246.5","USD"]]},

    
    {"datetime":"2017-12-26T08:52:54+08:00",
     "description":"binance trades",
     "entries":[["assets/cash","binance:sai","","9.038","ETH"],
		["fxconv","","","-9.038","ETH"],
		["fxconv","","","0.0818992","BTC"],
		["assets/cash","binance:sai","","-0.0818992","BTC"]
	       ]},

    {"datetime":"2017-12-30T23:59:59+08:00",
     "description":"net out binance sai",
     "entries":[["assets/cash","binance:sai","","-0.91848","ETH"],
		["fxconv","","","0.91848","ETH"],
		["fxconv","","","-0.04762446","BTC"],
		["assets/cash","binance:sai","","0.04762446","BTC"]]},
    

    {"datetime":"2018-01-05T19:38:00+08:00",
     "description":"osl trades",
     "entries":[
	 ["assets/cash","octagon:sensus","","-800000","HKD"],
	 ["fxconv","","","795980.94","HKD"],
	 ["expenses/commissions","","","4019.06","HKD"],
	 ["fxconv","","","-102.16672378","ETH"],
	 ["assets/cash","octagon:sensus","","102.16672378","ETH"]
     ]},

    {"datetime":"2018-01-08T15:41:00+08:00",
     "description":"osl trades",
     "entries":[
	 ["assets/cash","octagon:sensus","","-931000","HKD"],
	 ["fxconv","","","925867.02","HKD"],
	 ["expenses/commissions","","","5132.98","HKD"],
	 ["fxconv","","","-7.39008676","BTC"],
	 ["assets/cash","octagon:sensus","","7.39008676","BTC"]
     ]},


    {"datetime":"2018-01-15T16:35:00+08:00",
     "description":"osl trades",
     "entries":[
	 ["assets/cash","octagon:sensus","","-980000","HKD"],
	 ["fxconv","","","975124.38","HKD"],
	 ["expenses/commissions","","","4875.62","HKD"],
	 ["fxconv","","","-9.11331194","BTC"],
	 ["assets/cash","octagon:sensus","","9.11331194","BTC"]
     ]},

    {"datetime":"2018-01-23T12:02:00+08:00",
     "description":"BTC purchase from Chi Liang Mak",
     "entries":[
	 ["assets/cash","anxpro:sensus","","-501000","HKD"],
	 ["fxconv","","","501000","HKD"],
	 ["fxconv","","","-5","BTC"],
	 ["assets/cash","kucoin:sensus","","5","BTC"]
     ]},

    {"datetime":"2018-01-23T14:02:00+08:00",
     "description":"Cash withdrawal to DBS",
     "entries":[
	 ["assets/cash","anxpro:sensus","","-99000","HKD"],
	 ["assets/cash","dbs:sensus","","99000","HKD"]
     ]}

    

]

