{"date": "2018-01-19", "base": "EUR", "rates": {"USD": 1.2255, "IDR": 16316.0, "BGN": 1.9558, "ILS": 4.1837, "GBP": 0.88365, "DKK": 7.4454, "CAD": 1.5246, "JPY": 135.54, "HUF": 309.2, "RON": 4.6594, "MYR": 4.826, "SEK": 9.8333, "SGD": 1.6178, "HKD": 9.5814, "AUD": 1.5302, "CHF": 1.1758, "KRW": 1306.9, "CNY": 7.8481, "TRY": 4.6557, "HRK": 7.4352, "NZD": 1.6831, "THB": 39.069, "NOK": 9.6243, "RUB": 69.332, "INR": 78.239, "MXN": 22.816, "CZK": 25.433, "BRL": 3.9312, "PLN": 4.1716, "PHP": 62.138, "ZAR": 14.955}}